18.09 open;18.09 max;18.09 min;18.09 close;18.10 open;18.10 max;18.10 min;18.10 close;20.11 open;20.11 max;20.11 min;20.11 close;18.12 open;18.12 max;18.12 min;18.12 close
108440;109200;108440;109130;115740;115740;115110;115210;113560;113560;113010;113190;110080;110250;109570;109820
109120;109190;109020;109060;115220;115230;115050;115080;113200;113240;113110;113140;109820;109980;109820;109880
109070;109090;108970;108990;115080;115150;115030;115070;113140;113200;113110;113120;109880;109920;109820;109840
109000;109030;108910;108950;115070;115110;115020;115080;113130;113140;113080;113080;109850;109860;109720;109820
108950;109010;108900;108950;115080;115180;115050;115110;113070;113170;113050;113130;109810;110020;109800;110020
108910;108950;108840;108900;115100;115180;115060;115070;113120;113130;112930;112950;110030;110030;109830;109900
108890;108940;108850;108850;115090;115130;115060;115120;112950;113040;112910;112990;109900;109910;109840;109860
108870;108890;108830;108830;115120;115130;115060;115110;112990;113010;112960;113010;109840;109890;109730;109760
108850;108890;108820;108890;115100;115190;115080;115120;113000;113080;112960;112960;109760;109920;109750;109830
108880;108920;108860;108900;115120;115190;115110;115190;112960;112990;112920;112970;109830;109900;109810;109880
108910;108910;108860;108860;115170;115190;114930;114950;112950;113000;112910;112950;109890;109900;109820;109820
108830;108830;108750;108750;114960;115000;114880;114990;112940;113000;112890;112990;109830;109970;109780;109940
108750;108980;108750;108960;114990;115000;114900;114940;113000;113040;112930;113040;109920;110060;109890;109910
108960;108990;108930;108990;114940;114950;114860;114950;113040;113050;112980;113000;109910;109950;109820;109840
108950;108990;108920;108960;114950;115020;114900;115000;113010;113020;112910;112940;109840;109840;109690;109710
108970;108990;108930;108970;114990;115050;114950;115050;112940;112970;112870;112930;109700;109790;109660;109740
108970;108970;108900;108900;115050;115080;115000;115060;112940;113020;112920;112990;109730;109750;109650;109670
108910;108940;108870;108870;115050;115050;114990;115020;113000;113050;113000;113000;109660;109740;109620;109720
108870;108920;108870;108920;115020;115080;114990;115050;113000;113050;113000;113050;109720;109800;109680;109680
108920;108930;108900;108900;115050;115080;115000;115010;113050;113050;113010;113010;109670;109720;109660;109710
108890;108920;108880;108900;115000;115080;115000;115050;113010;113080;113010;113030;109710;109730;109670;109690
108880;108940;108850;108940;115050;115110;115050;115090;113040;113040;112930;112950;109700;109730;109630;109710
108920;108950;108920;108950;115100;115180;115090;115140;112970;112990;112950;112980;109720;109780;109690;109780
108950;109010;108950;109000;115140;115160;115110;115110;112980;113010;112950;112980;109780;109780;109700;109700
109010;109080;109010;109060;115130;115150;115090;115110;112980;113010;112970;112970;109710;109730;109700;109700
109080;109280;109070;109240;115120;115180;115110;115170;112960;112970;112900;112960;109700;109720;109580;109610
109250;109340;109200;109200;115170;115200;115110;115120;112960;112980;112930;112940;109600;109640;109550;109640
109210;109290;109190;109280;115110;115200;115110;115190;112950;112980;112950;112950;109630;109690;109610;109690
109270;109300;109250;109270;115190;115290;115180;115220;112960;113010;112960;113010;109690;109700;109530;109530
109310;109310;109210;109210;115210;115240;115190;115210;113000;113020;112950;112950;109530;109580;109460;109490
109220;109440;109220;109320;115210;115260;115200;115260;112960;113010;112950;113010;109480;109530;109480;109490
109310;109440;109290;109370;115260;115280;115220;115230;113010;113060;113010;113030;109490;109570;109460;109560
109380;109450;109380;109420;115230;115240;115180;115200;113030;113170;113010;113120;109560;109560;109440;109500
109410;109450;109360;109440;115210;115280;115200;115270;113120;113170;113100;113140;109500;109550;109480;109540
109460;109590;109440;109540;115260;115310;115260;115300;113130;113150;113090;113100;109530;109570;109500;109550
109550;109570;109390;109420;115300;115310;115250;115270;113090;113120;113090;113090;109540;109570;109510;109540
109430;109450;109330;109380;115270;115280;115150;115180;113090;113090;113030;113040;109530;109590;109520;109580
109370;109410;109360;109410;115190;115210;115150;115190;113040;113070;113020;113070;109590;109600;109560;109600
109400;109420;109360;109380;115200;115260;115200;115210;113070;113120;113050;113100;109600;109640;109590;109640
109380;109380;109290;109290;115200;115230;115180;115210;113100;113110;113050;113070;109630;109670;109590;109670
109290;109310;109280;109280;115210;115260;115190;115240;113070;113080;113020;113020;109670;109760;109660;109730
109270;109340;109260;109300;115240;115260;115150;115200;113020;113040;112950;113010;109730;109730;109660;109690
109300;109360;109270;109270;115190;115260;115190;115220;113020;113020;112890;112910;109690;109750;109660;109730
109260;109270;109240;109240;115230;115240;115190;115200;112920;113010;112920;112960;109720;109790;109690;109700
109250;109340;109250;109320;115200;115220;115190;115200;112950;113050;112950;113000;109700;109720;109650;109670
109320;109350;109290;109290;115200;115220;115110;115120;113010;113050;112990;113010;109670;109690;109650;109660
109310;109320;109260;109280;115120;115210;115110;115190;113010;113020;112880;112880;109650;109830;109650;109780
109270;109310;109270;109290;115210;115220;115190;115220;112880;112960;112840;112950;109770;109780;109740;109770
109300;109300;109250;109270;115220;115300;115210;115280;112940;112960;112840;112850;109770;109840;109760;109780
109290;109310;109260;109270;115280;115350;115250;115350;112850;112910;112830;112880;109780;109850;109780;109820
109290;109290;109270;109280;115350;115460;115300;115400;112880;112880;112760;112810;109820;109850;109780;109810
109280;109550;109280;109430;115390;115420;115340;115350;112810;112830;112730;112790;109800;109820;109740;109740
109440;109480;109210;109220;115360;115430;115350;115370;112810;112810;112760;112790;109730;109740;109670;109690
109240;109250;109030;109030;115370;115440;115370;115430;112790;112790;112700;112710;109690;109720;109650;109700
109040;109070;108920;109020;115430;115480;115420;115460;112710;112760;112690;112710;109690;109730;109680;109730
109010;109220;109010;109150;115470;115480;115420;115480;112710;112710;112520;112580;109720;109730;109670;109730
109150;109210;109150;109160;115460;115570;115460;115470;112580;112600;112540;112570;109730;109860;109720;109840
109150;109160;109110;109110;115470;115480;115410;115440;112560;112580;112540;112540;109840;109870;109780;109780
109120;109120;109080;109100;115440;115480;115420;115460;112540;112620;112520;112590;109790;109850;109790;109830
109090;109090;109060;109070;115460;115510;115450;115450;112590;112620;112560;112570;109820;109930;109820;109900
109080;109100;109070;109100;115460;115530;115460;115500;112580;112690;112550;112620;109900;109910;109810;109850
109110;109260;109090;109210;115490;115500;115420;115440;112620;112670;112610;112650;109860;109990;109800;109920
109220;109240;109120;109170;115440;115480;115430;115470;112650;112690;112630;112690;109910;109930;109810;109840
109140;109200;109140;109200;115480;115490;115440;115440;112680;112700;112660;112690;109850;109870;109800;109830
109220;109250;109200;109210;115440;115440;115350;115380;112680;112700;112640;112700;109830;109850;109690;109720
109180;109200;109160;109160;115390;115410;115350;115350;112700;112700;112510;112510;109720;109760;109670;109750
109180;109200;109130;109130;115350;115350;115220;115230;112510;112530;112410;112530;109750;109800;109730;109790
109130;109210;109110;109210;115250;115290;115240;115250;112520;112610;112480;112600;109790;109880;109760;109880
109200;109200;109180;109180;115240;115260;115220;115250;112600;112650;112570;112630;109880;110050;109820;109990
109180;109190;109170;109170;115260;115290;115240;115250;112630;112630;112480;112550;109990;110070;109950;110010
109150;109190;109140;109180;115240;115280;115240;115280;112550;112580;112500;112560;110010;110020;109910;109940
109180;109250;109180;109220;115280;115290;115250;115250;112550;112570;112500;112520;109940;109950;109820;109850
109240;109290;109200;109240;115240;115270;115150;115170;112510;112630;112510;112620;109850;109890;109810;109870
109220;109220;109150;109180;115190;115240;115180;115240;112600;112610;112500;112550;109890;109890;109840;109870
109180;109180;109120;109130;115230;115270;115190;115200;112550;112640;112530;112640;109870;109900;109820;109880
109130;109170;109130;109150;115200;115270;115190;115250;112630;112700;112620;112650;109890;109950;109870;109870
109140;109170;109140;109160;115240;115280;115220;115270;112640;112680;112630;112670;109880;109900;109850;109880
109160;109190;109140;109150;115270;115270;115170;115190;112660;112790;112630;112760;109880;109920;109860;109860
109120;109170;109110;109150;115180;115220;115120;115170;112750;112820;112740;112750;109870;109930;109860;109870
109170;109180;109170;109170;115150;115200;115130;115190;112750;112800;112720;112740;109860;109900;109820;109890
109150;109200;109150;109190;115190;115240;115180;115190;112740;112750;112690;112700;109890;109970;109830;109830
109190;109190;109160;109170;115200;115230;115140;115140;112690;112700;112560;112650;109830;109910;109820;109890
109160;109210;109160;109200;115140;115250;115140;115250;112650;112650;112600;112630;109910;109940;109890;109890
109210;109290;109210;109270;115250;115250;115150;115150;112620;112650;112580;112600;109910;109940;109880;109930
109270;109270;109200;109210;115160;115160;115120;115140;112620;112680;112570;112680;109930;109970;109850;109930
109210;109240;109210;109230;115140;115220;115140;115200;112670;112680;112620;112670;109940;110010;109920;109950
109240;109300;109240;109300;115200;115210;115180;115190;112680;112820;112670;112820;109950;109960;109800;109850
109300;109300;109250;109250;115190;115200;115150;115180;112820;112820;112720;112770;109870;109870;109720;109740
109260;109290;109240;109250;115170;115230;115150;115200;112760;112820;112740;112800;109740;109860;109730;109810
109260;109340;109260;109340;115190;115280;115190;115260;112810;112840;112770;112780;109790;109840;109770;109780
109340;109350;109260;109280;115260;115260;115170;115190;112790;112810;112730;112760;109780;109970;109780;109940
109280;109280;109250;109250;115180;115220;115180;115190;112770;112800;112740;112770;109940;110040;109940;110030
109260;109270;109240;109270;115190;115200;115160;115160;112770;112800;112730;112730;110040;110050;109940;109950
109270;109310;109240;109240;115170;115210;115170;115190;112740;112750;112690;112700;109970;110000;109960;110000
109250;109250;109230;109230;115180;115190;115130;115160;112710;112710;112490;112520;109990;110020;109980;109990
109230;109280;109210;109280;115160;115190;115160;115180;112530;112620;112520;112560;110000;110010;109930;109980
109280;109290;109250;109260;115170;115200;115160;115180;112550;112590;112530;112590;109990;109990;109930;109970
109270;109290;109240;109290;115200;115240;115190;115210;112590;112590;112520;112550;109970;110030;109930;110000
109290;109290;109230;109250;115220;115220;115080;115160;112540;112630;112530;112590;110000;110030;109980;110020
109250;109280;109170;109170;115150;115180;115120;115180;112590;112600;112520;112590;110040;110140;110020;110060
109180;109220;109180;109220;115190;115190;115110;115190;112600;112620;112420;112480;110070;110160;110040;110040
109220;109350;109220;109340;115180;115200;115160;115180;112480;112550;112470;112550;110060;110060;109980;109980
109340;109390;109320;109380;115200;115210;115160;115200;112550;112590;112510;112540;109970;110020;109930;109940
109390;109400;109350;109380;115190;115190;115170;115180;112550;112590;112530;112590;109950;109970;109850;109910
109390;109420;109340;109360;115180;115200;115160;115160;112600;112650;112580;112620;109900;109930;109810;109880
109350;109420;109350;109400;115160;115180;115080;115080;112620;112640;112600;112600;109880;109920;109860;109880
109390;109430;109390;109410;115080;115100;115050;115060;112620;112650;112560;112600;109890;109900;109740;109770
109420;109440;109390;109420;115070;115110;115050;115100;112610;112610;112520;112520;109780;109810;109710;109810
109420;109480;109390;109390;115100;115130;115090;115130;112510;112550;112480;112510;109810;109860;109760;109810
109400;109420;109360;109420;115120;115160;115100;115110;112500;112500;112330;112340;109810;109860;109770;109850
109420;109430;109350;109360;115110;115200;115100;115180;112340;112360;112260;112330;109840;109960;109830;109910
109370;109430;109360;109410;115170;115190;115130;115160;112330;112330;112280;112290;109930;109950;109890;109890
109430;109500;109430;109500;115170;115200;115150;115190;112280;112370;112280;112330;109890;109910;109860;109890
109490;109490;109440;109440;115180;115200;115170;115200;112330;112360;112330;112350;109900;109950;109890;109920
109450;109450;109410;109420;115200;115250;115170;115200;112340;112380;112340;112370;109910;109980;109900;109930
109420;109540;109410;109430;115200;115210;115150;115180;112370;112370;112300;112300;109940;109950;109870;109870
109430;109480;109430;109480;115180;115180;115110;115130;112300;112320;112280;112300;109870;109930;109870;109880
109470;109490;109430;109460;115150;115160;115120;115140;112300;112300;112270;112280;109880;109900;109810;109820
109470;109480;109420;109440;115150;115150;115030;115040;112280;112320;112250;112310;109830;109830;109680;109700
109420;109430;109380;109400;115060;115070;115030;115030;112300;112300;112240;112280;109680;109730;109650;109670
109380;109410;109350;109350;115050;115090;115030;115060;112280;112320;112240;112300;109670;109680;109480;109500
109340;109380;109340;109370;115060;115130;115020;115120;112290;112380;112280;112370;109490;109560;109440;109510
109380;109490;109380;109480;115120;115140;115100;115110;112380;112440;112370;112380;109510;109530;109200;109220
109480;109500;109460;109490;115110;115110;115050;115060;112390;112420;112340;112370;109230;109320;109230;109260
109500;109500;109460;109460;115060;115130;115060;115110;112370;112450;112360;112380;109260;109290;109130;109170
109480;109550;109480;109540;115120;115140;115100;115120;112380;112420;112360;112380;109170;109210;109030;109040
109560;109560;109520;109520;115110;115190;115110;115150;112380;112410;112360;112410;109040;109170;109030;109140
109520;109590;109510;109580;115170;115220;115150;115220;112410;112410;112340;112350;109150;109170;109070;109150
109580;109600;109570;109590;115220;115230;115180;115200;112350;112360;112290;112330;109150;109180;109120;109160
109590;109620;109570;109600;115200;115260;115200;115230;112330;112400;112290;112400;109150;109180;109120;109160
109600;109650;109600;109620;115220;115260;115190;115260;112400;112440;112360;112430;109170;109290;109150;109270
109610;109660;109610;109650;115250;115260;115220;115240;112430;112450;112390;112420;109280;109330;109250;109320
109650;109690;109640;109690;115240;115330;115240;115270;112420;112420;112140;112240;109320;109410;109290;109410
109670;109690;109650;109680;115270;115270;115150;115160;112240;112330;112210;112320;109410;109420;109350;109390
109680;109730;109680;109700;115170;115240;115160;115230;112310;112360;112300;112330;109400;109440;109380;109400
109710;109750;109680;109690;115240;115260;115180;115190;112330;112370;112300;112300;109410;109450;109400;109450
109670;109720;109650;109720;115190;115230;115170;115190;112300;112360;112300;112340;109440;109490;109430;109440
109720;109750;109710;109730;115180;115250;115180;115250;112330;112450;112330;112390;109430;109470;109410;109430
109730;109740;109660;109680;115240;115260;115190;115240;112400;112400;112340;112370;109430;109440;109350;109390
109690;109730;109660;109680;115240;115310;115230;115240;112370;112500;112360;112420;109380;109430;109360;109420
109680;109720;109660;109660;115240;115240;115190;115220;112420;112450;112400;112450;109420;109490;109410;109440
109670;109670;109610;109610;115220;115230;115140;115180;112440;112450;112390;112420;109440;109470;109390;109450
109610;109620;109600;109620;115170;115180;115130;115130;112410;112420;112330;112330;109460;109510;109430;109450
109620;109620;109560;109590;115130;115200;115130;115200;112330;112460;112290;112440;109440;109440;109370;109410
109570;109600;109550;109550;115190;115190;115130;115170;112440;112500;112430;112460;109400;109430;109380;109390
109560;109590;109560;109570;115170;115220;115160;115200;112460;112550;112450;112530;109380;109450;109380;109420
109560;109590;109560;109580;115190;115190;115140;115140;112530;112570;112470;112480;109430;109470;109380;109410
109580;109580;109550;109580;115140;115180;115110;115180;112490;112500;112440;112460;109420;109420;109380;109400
109580;109600;109570;109570;115190;115200;115130;115160;112460;112460;112410;112450;109390;109390;109350;109390
109570;109570;109520;109530;115160;115160;115120;115130;112450;112480;112350;112350;109380;109390;109260;109270
109540;109580;109540;109580;115140;115200;115140;115150;112350;112400;112320;112390;109260;109360;109260;109330
109590;109610;109590;109610;115150;115180;115150;115150;112390;112420;112370;112420;109330;109350;109280;109330
109610;109620;109550;109580;115170;115180;115150;115170;112420;112460;112410;112440;109330;109360;109320;109330
109580;109580;109560;109570;115180;115180;115110;115120;112460;112510;112440;112510;109340;109370;109300;109330
109570;109580;109570;109570;115120;115140;115070;115130;112520;112610;112500;112530;109340;109380;109250;109370
109570;109570;109540;109540;115130;115130;115100;115110;112530;112660;112520;112620;109370;109410;109340;109410
109520;109530;109510;109510;115120;115130;115050;115050;112620;112650;112610;112630;109410;109450;109350;109350
109510;109520;109430;109440;115050;115070;115000;115000;112630;112690;112620;112630;109360;109450;109350;109410
109440;109460;109410;109450;115000;115040;115000;115040;112620;112650;112610;112610;109420;109550;109410;109540
109470;109500;109470;109470;115040;115050;115000;115000;112620;112640;112580;112610;109540;109580;109460;109480
109470;109470;109390;109410;115000;115080;115000;115070;112600;112670;112570;112640;109480;109550;109480;109500
109410;109420;109320;109330;115060;115100;115040;115060;112640;112660;112610;112620;109510;109530;109490;109510
109320;109370;109300;109370;115060;115090;115060;115060;112620;112640;112580;112590;109520;109520;109500;109510
109370;109410;109370;109390;115070;115090;115050;115070;112580;112620;112570;112570;109520;109520;109450;109500
109400;109410;109350;109360;115060;115160;115060;115120;112570;112580;112520;112560;109500;109510;109450;109460
109370;109430;109350;109410;115100;115170;115100;115170;112550;112570;112510;112540;109470;109470;109390;109410
109410;109460;109400;109460;115160;115200;115150;115180;112530;112540;112440;112480;109410;109470;109390;109460
109460;109510;109440;109500;115190;115430;115170;115400;112490;112510;112450;112510;109470;109500;109440;109440
109500;109510;109490;109510;115410;115410;115330;115370;112510;112520;112450;112450;109440;109560;109440;109550
109510;109550;109500;109540;115380;115380;115350;115350;112440;112460;112380;112420;109550;109630;109540;109630
109550;109570;109530;109550;115350;115420;115340;115420;112400;112480;112340;112470;109630;109680;109600;109610
109520;109560;109520;109550;115410;115650;115400;115520;112470;112480;112420;112420;109600;109630;109550;109630
109560;109620;109560;109620;115520;115600;115500;115530;112430;112470;112420;112470;109640;109650;109590;109620
109630;109660;109620;109620;115540;115600;115520;115550;112470;112500;112440;112470;109620;109780;109620;109700
109620;109620;109570;109580;115550;115600;115550;115570;112450;112470;112420;112440;109700;109820;109690;109800
109590;109600;109560;109560;115570;115580;115510;115550;112450;112450;112400;112420;109790;110000;109790;109920
109570;109570;109550;109550;115560;115590;115510;115510;112430;112440;112380;112440;109940;110010;109870;109930
109550;109560;109530;109550;115510;115550;115510;115510;112450;112470;112420;112470;109920;109940;109790;109800
109560;109580;109540;109580;115510;115510;115410;115440;112480;112490;112400;112420;109810;109810;109720;109730
109580;109580;109550;109570;115430;115490;115430;115460;112410;112420;112310;112350;109730;109800;109700;109740
109570;109610;109550;109560;115460;115490;115430;115430;112350;112440;112320;112350;109740;109800;109730;109790
109560;109560;109470;109470;115430;115470;115350;115360;112360;112430;112350;112420;109790;109810;109750;109760
109470;109500;109470;109470;115360;115360;115270;115290;112410;112420;112350;112370;109770;109770;109700;109730
109460;109570;109450;109530;115290;115310;115270;115280;112390;112500;112390;112440;109720;109750;109720;109730
109520;109580;109520;109530;115270;115290;115240;115270;112440;112470;112380;112400;109740;109740;109650;109690
109530;109530;109470;109480;115270;115320;115260;115290;112410;112430;112380;112390;109680;109720;109610;109670
109470;109490;109440;109490;115290;115300;115210;115220;112400;112400;112300;112310;109690;109710;109650;109710
109500;109540;109500;109520;115230;115260;115170;115230;112330;112400;112300;112400;109710;109740;109660;109680
109520;109540;109460;109460;115230;115240;115200;115220;112390;112450;112380;112430;109690;109740;109670;109720
109470;109500;109430;109440;115200;115210;115180;115200;112430;112450;112390;112410;109730;109780;109680;109690
109450;109480;109430;109480;115220;115240;115200;115220;112410;112430;112390;112410;109690;109730;109690;109710
109480;109480;109440;109440;115220;115220;115180;115210;112410;112440;112370;112440;109710;109720;109690;109710
109440;109490;109440;109480;115200;115240;115200;115230;112440;112480;112420;112430;109710;109710;109610;109610
109480;109510;109450;109450;115230;115240;115170;115180;112440;112460;112390;112460;109620;109670;109600;109630
109440;109440;109410;109420;115180;115210;115160;115160;112460;112470;112380;112440;109630;109650;109540;109610
109420;109480;109420;109470;115160;115200;115150;115170;112450;112450;112360;112400;109610;109610;109510;109570
109460;109520;109430;109480;115180;115200;115160;115190;112400;112460;112400;112460;109570;109600;109550;109590
109490;109500;109430;109430;115180;115180;115110;115110;112450;112450;112380;112400;109580;109610;109580;109610
109440;109460;109440;109440;115110;115130;115070;115090;112410;112420;112380;112400;109600;109630;109600;109620
109450;109480;109450;109470;115080;115120;115080;115090;112400;112460;112390;112450;109630;109650;109570;109600
109460;109490;109400;109430;115090;115170;115080;115150;112440;112620;112440;112560;109590;109660;109570;109640
109430;109540;109430;109500;115150;115180;115130;115170;112560;112620;112560;112580;109650;109790;109650;109770
109490;109530;109490;109500;115180;115200;115130;115160;112580;112620;112540;112600;109760;109780;109720;109770
109510;109510;109490;109510;115170;115170;115120;115160;112610;112750;112610;112740;109770;109780;109680;109700
109510;109520;109490;109490;115160;115180;115160;115170;112740;112750;112670;112700;109700;109720;109680;109720
109520;109540;109500;109510;115160;115180;115120;115170;112700;112770;112680;112700;109720;109750;109700;109700
109510;109530;109500;109510;115170;115180;115140;115150;112700;112740;112680;112720;109710;109710;109650;109680
109500;109520;109500;109520;115150;115170;115140;115140;112730;112740;112700;112720;109680;109710;109670;109700
109520;109530;109510;109520;115160;115170;115140;115140;112730;112730;112660;112660;109690;109740;109690;109740
109530;109560;109530;109540;115140;115150;115100;115140;112650;112720;112650;112700;109740;109790;109720;109790
109540;109550;109530;109540;115140;115170;115110;115160;112700;112740;112700;112720;109780;109820;109750;109750
109560;109560;109520;109540;115160;115170;115110;115120;112730;112810;112730;112790;109740;109780;109740;109750
109550;109570;109550;109570;115120;115140;115080;115080;112780;112790;112730;112730;109750;109750;109710;109730
109570;109570;109510;109570;115070;115070;114890;114940;112730;112730;112680;112710;109740;109740;109620;109660
109570;109570;109510;109560;114930;114980;114930;114950;112700;112700;112590;112630;109650;109660;109480;109510
109560;109600;109560;109570;114960;114990;114930;114950;112630;112660;112610;112640;109520;109590;109510;109580
109550;109580;109540;109560;114950;114980;114940;114970;112620;112650;112580;112630;109580;109580;109510;109510
109570;109570;109550;109560;114970;115000;114960;114990;112640;112640;112590;112610;109510;109560;109480;109560
109570;109620;109570;109590;114990;115000;114950;114950;112600;112660;112600;112620;109560;109560;109480;109530
109590;109610;109570;109580;114960;114970;114940;114950;112640;112710;112640;112670;109530;109580;109490;109500
109580;109620;109570;109610;114940;114950;114800;114900;112680;112780;112660;112750;109490;109510;109420;109470
109610;109630;109590;109600;114900;114920;114870;114900;112750;112800;112720;112750;109480;109520;109460;109460
109610;109640;109610;109610;114910;115000;114880;115000;112770;112780;112730;112730;109460;109470;109310;109420
109600;109610;109580;109600;115000;115030;114960;115010;112760;112830;112740;112780;109420;109420;109350;109380
109600;109650;109600;109640;115020;115020;114950;114990;112800;112810;112730;112750;109370;109400;109320;109370
109640;109650;109600;109620;114980;115010;114970;114990;112750;112790;112740;112750;109370;109380;109330;109360
109620;109650;109620;109640;115000;115010;114970;114980;112760;112770;112700;112740;109360;109400;109320;109400
109630;109680;109630;109670;114980;114990;114940;114980;112750;112780;112710;112740;109390;109410;109370;109390
109680;109750;109680;109750;114990;115020;114960;114980;112740;112870;112700;112780;109390;109410;109360;109360
109730;109730;109670;109680;114970;114970;114880;114930;112780;112830;112780;112810;109370;109370;109290;109370
109670;109670;109650;109650;114940;114970;114910;114940;112820;112850;112790;112800;109350;109390;109330;109370
109650;109700;109650;109680;114940;114970;114930;114950;112790;112830;112760;112820;109360;109430;109360;109370
109710;109790;109710;109790;114970;114980;114940;114940;112830;112870;112800;112830;109370;109410;109300;109380
109790;109790;109750;109760;114940;114960;114920;114960;112820;112840;112760;112780;109370;109440;109370;109400
109750;109760;109750;109760;114950;114950;114920;114940;112790;112800;112750;112790;109380;109460;109330;109450
109740;109750;109710;109720;114940;114950;114920;114930;112800;112810;112750;112790;109450;109490;109390;109410
109740;109760;109720;109750;114930;114930;114890;114910;112780;112790;112730;112730;109420;109480;109390;109460
109740;109780;109740;109760;114900;114900;114860;114880;112740;112760;112710;112710;109450;109490;109420;109420
109760;109810;109760;109800;114880;114890;114840;114850;112720;112750;112700;112750;109430;109440;109400;109430
109810;109910;109730;109810;114860;114860;114510;114710;112730;112760;112710;112720;109420;109450;109380;109420
109830;109900;109830;109870;114710;114800;114650;114690;112720;112730;112600;112690;109420;109560;109400;109520
109890;109940;109760;109900;114690;114690;114580;114610;112690;112730;112670;112730;109520;109550;109430;109460
109900;109930;109870;109900;114600;114690;114590;114690;112730;112830;112730;112790;109460;109460;109390;109400
109880;109890;109840;109880;114690;114750;114670;114730;112790;112840;112780;112800;109410;109530;109400;109460
109880;109930;109870;109920;114720;114890;114720;114860;112780;112820;112760;112810;109450;109540;109450;109490
109920;109920;109860;109870;114850;114880;114800;114800;112820;112840;112800;112820;109490;109520;109470;109520
109880;109890;109850;109870;114800;114820;114750;114750;112810;112930;112800;112810;109520;109540;109460;109520
109880;109890;109860;109860;114770;114810;114770;114800;112810;112810;112730;112780;109520;109530;109470;109510
109880;109890;109860;109860;114810;114850;114770;114810;112790;112830;112770;112790;109510;109550;109500;109520
109850;109860;109840;109840;114810;114820;114760;114790;112790;112830;112780;112830;109540;109580;109500;109530
109840;109920;109840;109900;114780;114860;114770;114830;112830;112860;112810;112850;109530;109570;109530;109540
109900;109920;109880;109910;114830;114850;114810;114820;112860;112860;112820;112850;109550;109580;109510;109540
109910;109920;109890;109920;114820;114850;114810;114820;112840;112870;112830;112840;109540;109560;109450;109480
109910;109920;109860;109870;114810;114820;114770;114800;112830;112900;112800;112890;109470;109520;109460;109460
109870;109880;109860;109870;114800;114810;114740;114750;112890;112890;112820;112840;109470;109540;109460;109500
109870;109870;109830;109840;114740;114780;114730;114760;112850;112870;112800;112830;109500;109510;109430;109450
109840;109870;109840;109870;114750;114810;114750;114810;112830;112850;112810;112850;109470;109490;109430;109450
109870;109890;109870;109870;114810;114820;114790;114820;112850;112850;112820;112840;109470;109500;109420;109430
109890;109900;109870;109870;114830;114850;114820;114840;112840;112850;112740;112740;109430;109440;109420;109430
109870;109950;109870;109940;114850;114860;114840;114860;112740;112760;112700;112740;109420;109460;109410;109440
109950;109950;109880;109880;114860;114870;114790;114790;112750;112780;112720;112750;109440;109510;109440;109490
109880;109910;109850;109860;114800;114830;114780;114830;112750;112770;112720;112740;109490;109500;109470;109470
109850;109870;109770;109800;114820;114830;114720;114720;112750;112760;112740;112750;109480;109520;109470;109520
109800;109880;109770;109830;114740;114800;114740;114790;112760;112760;112710;112720;109520;109570;109480;109500
109830;109860;109830;109850;114790;114810;114780;114810;112730;112750;112700;112710;109490;109500;109450;109490
109850;109890;109780;109810;114800;114830;114770;114830;112700;112710;112540;112630;109490;109510;109440;109440
109810;109810;109790;109790;114820;114850;114800;114850;112630;112670;112600;112670;109440;109490;109430;109460
109800;109820;109790;109800;114840;114860;114820;114850;112670;112760;112670;112760;109480;109480;109410;109420
109810;109820;109800;109800;114850;114950;114820;114860;112760;112760;112700;112710;109420;109470;109420;109460
109800;109820;109770;109810;114870;114890;114830;114850;112690;112800;112680;112780;109460;109470;109380;109400
109800;109820;109800;109810;114850;114860;114770;114790;112780;112830;112760;112790;109400;109430;109370;109370
109810;109840;109810;109820;114780;114780;114670;114710;112780;112910;112770;112890;109370;109390;109330;109390
109820;109840;109810;109810;114720;114750;114710;114750;112890;112910;112840;112870;109390;109410;109370;109400
109820;109820;109810;109810;114730;114750;114720;114740;112870;112920;112830;112900;109390;109440;109380;109410
109810;109810;109800;109810;114750;114790;114690;114710;112900;112910;112860;112870;109420;109430;109380;109430
109820;109820;109810;109810;114700;114740;114670;114700;112870;112880;112800;112820;109440;109460;109420;109440
109820;109820;109740;109750;114700;114730;114630;114630;112830;112880;112820;112860;109450;109490;109430;109490
109760;109800;109750;109800;114640;114640;114560;114580;112860;112870;112840;112860;109490;109510;109470;109500
109820;109820;109780;109790;114580;114590;114510;114550;112860;112920;112830;112910;109490;109550;109450;109450
109790;109810;109780;109790;114550;114560;114520;114530;112920;112990;112890;112970;109450;109470;109450;109450
109780;109790;109780;109790;114520;114570;114510;114560;112970;113050;112960;113010;109460;109530;109450;109510
109790;109790;109770;109790;114570;114630;114550;114580;113010;113090;113000;113070;109510;109530;109440;109440
109790;109790;109770;109780;114570;114600;114570;114580;113060;113100;113030;113040;109440;109460;109430;109450
109780;109780;109670;109710;114590;114630;114580;114590;113050;113050;112990;113040;109460;109460;109410;109450
109710;109740;109700;109740;114580;114630;114560;114610;113050;113060;112980;112980;109440;109450;109340;109340
109740;109750;109730;109740;114600;114630;114590;114600;113000;113030;112990;113020;109340;109380;109310;109380
109740;109750;109730;109750;114600;114600;114570;114570;113010;113030;112990;113010;109370;109400;109340;109370
109760;109760;109730;109750;114580;114600;114500;114540;113000;113040;113000;113040;109370;109400;109350;109380
109740;109740;109730;109730;114540;114560;114380;114420;113040;113080;113020;113040;109370;109390;109350;109390
109730;109740;109720;109730;114400;114460;114380;114390;113050;113230;113050;113150;109380;109380;109300;109330
109740;109760;109740;109740;114380;114400;114310;114370;113150;113210;113140;113180;109320;109340;109260;109320
109740;109770;109730;109770;114370;114430;114360;114390;113180;113320;113170;113270;109320;109320;109230;109280
109770;109830;109770;109820;114410;114420;114380;114410;113280;113300;113240;113270;109290;109300;109260;109300
109830;109840;109810;109810;114410;114410;114350;114370;113250;113280;113210;113230;109300;109300;109230;109270
109820;109820;109800;109800;114360;114370;114320;114320;113230;113250;113200;113220;109280;109310;109250;109310
109840;109840;109810;109820;114330;114340;114270;114310;113220;113280;113190;113200;109300;109350;109290;109340
109830;109870;109820;109870;114310;114310;114190;114210;113210;113250;113160;113170;109360;109360;109320;109320
109870;109900;109870;109870;114200;114220;114140;114160;113160;113180;113140;113140;109320;109390;109320;109320
109880;109880;109860;109860;114160;114170;114110;114110;113150;113160;113100;113160;109320;109360;109280;109360
109870;109870;109840;109840;114120;114200;114100;114180;113140;113160;113120;113130;109350;109370;109320;109330
109850;109850;109810;109810;114170;114200;114150;114180;113150;113160;113110;113110;109340;109340;109260;109260
109810;109820;109800;109810;114180;114220;114180;114180;113120;113120;113080;113120;109260;109270;109210;109230
109820;109850;109820;109840;114190;114290;114190;114270;113120;113130;113080;113080;109220;109250;109210;109230
109850;109880;109850;109850;114270;114290;114250;114260;113080;113120;113070;113120;109230;109240;109190;109210
109860;109870;109810;109810;114270;114270;114220;114250;113110;113150;113110;113120;109210;109220;109180;109220
109830;109860;109830;109840;114250;114300;114250;114280;113120;113140;113110;113120;109220;109270;109200;109250
109850;109850;109810;109810;114290;114360;114280;114340;113120;113130;113050;113080;109240;109250;109210;109240
109810;109810;109760;109760;114340;114360;114300;114320;113090;113120;113070;113110;109240;109270;109230;109270
109790;109800;109760;109780;114320;114360;114320;114360;113110;113110;113070;113080;109270;109270;109240;109270
109780;109810;109770;109810;114350;114380;114340;114350;113090;113090;113040;113040;109280;109300;109240;109250
109810;109810;109800;109800;114360;114390;114350;114390;113060;113070;113020;113050;109240;109260;109230;109250
109810;109850;109810;109850;114390;114410;114290;114310;113040;113100;113030;113100;109240;109250;109190;109220
109860;109880;109830;109830;114310;114330;114280;114320;113100;113100;113070;113090;109210;109250;109200;109250
109840;109850;109810;109810;114320;114330;114300;114320;113070;113070;113020;113030;109250;109350;109230;109320
109830;109860;109820;109860;114330;114370;114330;114360;113020;113060;113010;113040;109320;109340;109310;109330
109870;109870;109830;109830;114360;114370;114340;114340;113030;113040;113000;113010;109340;109360;109320;109340
109820;109890;109820;109870;114360;114380;114340;114380;113010;113110;113010;113060;109340;109390;109330;109370
109870;109880;109850;109860;114380;114400;114380;114390;113070;113110;113070;113090;109380;109390;109340;109360
109860;109880;109850;109850;114390;114410;114360;114380;113080;113150;113070;113100;109360;109360;109340;109360
109850;109860;109850;109860;114380;114400;114360;114370;113110;113140;113070;113070;109360;109370;109300;109320
109860;109880;109850;109860;114370;114370;114320;114340;113070;113090;113060;113080;109340;109350;109330;109350
109860;109860;109830;109840;114340;114370;114330;114360;113070;113080;113000;113020;109350;109360;109320;109350
109850;109860;109840;109850;114370;114440;114360;114420;113040;113040;112990;113000;109350;109380;109320;109370
109860;109870;109860;109870;114420;114440;114420;114430;113000;113050;112980;113010;109370;109370;109330;109340
109880;109880;109840;109850;114440;114440;114400;114410;113030;113050;113010;113030;109340;109340;109280;109290
109830;109870;109830;109860;114400;114420;114350;114360;113030;113060;113020;113040;109290;109340;109280;109330
109870;109890;109850;109880;114360;114390;114360;114390;113040;113040;113010;113030;109330;109360;109320;109360
109870;109960;109870;109930;114390;114400;114360;114370;113030;113050;113020;113040;109360;109420;109350;109380
109930;109960;109900;109920;114370;114370;114300;114310;113040;113070;113030;113050;109370;109450;109370;109380
109920;109940;109900;109900;114310;114390;114300;114390;113060;113120;113040;113050;109390;109440;109380;109440
109900;109940;109900;109920;114390;114420;114380;114420;113060;113110;113050;113110;109440;109470;109420;109460
109930;109940;109900;109900;114420;114420;114340;114350;113100;113180;113100;113140;109440;109470;109410;109460
109910;109980;109910;109940;114360;114360;114310;114330;113140;113190;113130;113180;109450;109470;109440;109450
109940;109950;109930;109950;114330;114360;114310;114360;113170;113190;113120;113140;109450;109460;109380;109400
109970;109990;109960;109970;114350;114380;114310;114340;113130;113150;113120;113140;109390;109460;109390;109440
109970;109980;109970;109980;114330;114340;114260;114270;113150;113180;113140;113170;109450;109460;109430;109440
109990;110000;109980;110000;114270;114300;114250;114260;113180;113230;113180;113180;109440;109460;109430;109450
110000;110000;109980;109990;114270;114280;114170;114210;113190;113200;113160;113160;109450;109480;109430;109480
109990;110060;109990;110060;114210;114230;114170;114170;113160;113170;113110;113150;109480;109560;109460;109550
110040;110070;110020;110060;114180;114210;114160;114210;113130;113170;113130;113140;109560;109560;109470;109490
110060;110100;110030;110070;114190;114190;114170;114170;113150;113160;113080;113090;109490;109610;109460;109580
110070;110100;110060;110100;114170;114260;114170;114250;113080;113110;113030;113080;109580;109730;109540;109700
110100;110190;110080;110160;114260;114270;114200;114260;113080;113100;113060;113080;109710;109760;109670;109730
110160;110200;110150;110160;114250;114290;114210;114220;113080;113140;113070;113140;109730;109740;109650;109660
110170;110180;110160;110160;114230;114240;114190;114200;113130;113150;113100;113110;109660;109850;109660;109850
110160;110300;110150;110230;114200;114210;114160;114190;113110;113110;113030;113040;109840;110000;109830;110000
110220;110230;110160;110160;114190;114190;114150;114170;113040;113080;113030;113040;110000;110020;109860;109890
110180;110320;110170;110280;114170;114190;114120;114120;113050;113070;112990;113030;109880;109960;109840;109950
110280;110300;110200;110220;114130;114140;114060;114120;113040;113070;113020;113070;109940;109990;109890;109960
110220;110240;110200;110200;114100;114110;114070;114090;113070;113100;113050;113070;109950;109970;109820;109840
110220;110240;110200;110210;114090;114180;114080;114160;113070;113070;113010;113050;109840;109890;109820;109850
110210;110230;110200;110200;114160;114190;114140;114150;113050;113060;112980;113020;109840;109870;109830;109850
110200;110200;110170;110190;114180;114270;114170;114210;113020;113030;112890;112920;109850;109870;109820;109870
110190;110240;110190;110200;114210;114230;114190;114210;112940;112940;112870;112910;109860;109880;109830;109830
110200;110240;110200;110220;114230;114230;114190;114220;112910;112940;112900;112940;109840;109870;109830;109830
110220;110260;110200;110220;114220;114230;114150;114210;112940;112950;112890;112940;109830;109890;109820;109820
110220;110240;110180;110230;114220;114260;114200;114230;112940;112990;112920;112990;109820;109840;109760;109770
110240;110250;110160;110250;114230;114290;114230;114280;112990;113000;112950;112990;109770;109830;109760;109820
110230;110230;110140;110160;114280;114280;114220;114230;112980;112990;112950;112970;109810;109860;109800;109820
110180;110210;110140;110150;114240;114270;114240;114260;112960;112990;112940;112960;109820;109840;109770;109780
110130;110140;110110;110130;114260;114330;114230;114320;112960;112970;112910;112930;109790;109810;109740;109810
110140;110160;110110;110120;114320;114340;114250;114260;112930;112970;112910;112970;109810;109840;109810;109820
110110;110120;110020;110030;114260;114260;114190;114190;112980;113000;112940;112970;109810;109870;109800;109840
110040;110080;110020;110050;114180;114200;114110;114130;112980;113000;112950;112980;109840;109850;109800;109800
110040;110060;110020;110050;114130;114140;114070;114100;112970;112990;112960;112970;109800;109870;109800;109870
110040;110050;110040;110050;114090;114160;114070;114100;112970;112970;112930;112940;109870;109920;109870;109910
110050;110050;109980;109980;114100;114100;114070;114100;112950;112970;112850;112880;109920;109960;109910;109950
109980;110030;109960;110010;114100;114110;114070;114080;112880;112880;112810;112830;109950;109970;109910;109910
110010;110020;109950;109960;114080;114100;114050;114080;112830;112870;112820;112870;109930;109940;109860;109870
109970;110030;109970;110030;114080;114120;114070;114080;112870;112880;112630;112650;109880;109890;109820;109830
110030;110070;110010;110070;114080;114170;114060;114150;112650;112720;112580;112690;109820;109840;109800;109830
110070;110090;110050;110050;114150;114180;114120;114130;112690;112700;112640;112670;109840;109890;109830;109880
110030;110030;109970;109980;114130;114150;114100;114110;112670;112720;112650;112700;109870;109880;109860;109870
109980;110010;109980;109990;114120;114120;114070;114070;112720;112770;112660;112750;109870;109880;109840;109840
109990;110030;109990;110020;114090;114150;114080;114140;112730;112740;112710;112740;109850;109870;109840;109850
110010;110010;109970;109970;114140;114180;114130;114160;112730;112800;112720;112770;109840;109840;109800;109810
109970;109990;109970;109990;114170;114190;114150;114170;112760;112780;112690;112700;109820;109900;109820;109900
110000;110020;109990;110020;114170;114170;114090;114130;112710;112750;112700;112710;109900;109930;109880;109890
110030;110060;110020;110060;114120;114170;114120;114150;112720;112720;112600;112620;109900;109990;109890;109940
110060;110100;110060;110090;114140;114140;114090;114140;112610;112680;112610;112660;109930;110010;109930;110010
110080;110090;110010;110010;114130;114150;114120;114150;112660;112700;112630;112700;110010;110150;110010;110090
109990;110000;109900;109910;114140;114170;114130;114170;112700;112710;112660;112690;110100;110150;110010;110050
109940;109960;109930;109960;114170;114170;114150;114150;112680;112690;112570;112580;110060;110090;110030;110060
109970;109980;109960;109970;114150;114180;114130;114140;112580;112600;112400;112400;110070;110080;110010;110020
109980;110040;109940;110040;114130;114250;114120;114220;112400;112440;112370;112410;110030;110060;110010;110040
110030;110070;109980;110000;114210;114260;114130;114170;112410;112470;112350;112470;110060;110070;109990;110000
110000;110020;109970;110020;114160;114180;114080;114140;112460;112480;112380;112390;109990;109990;109920;109940
110010;110050;110010;110050;114150;114170;114110;114120;112390;112430;112360;112410;109940;109940;109880;109880
110060;110100;110040;110070;114120;114130;114050;114080;112410;112460;112400;112460;109880;109890;109830;109840
110070;110110;110060;110080;114080;114100;114040;114060;112460;112460;112370;112410;109840;109840;109680;109700
110070;110130;110060;110060;114050;114060;113900;113970;112400;112400;112360;112390;109710;109800;109700;109760
110100;110110;110070;110090;113960;114100;113950;114040;112370;112400;112370;112390;109780;109780;109730;109780
110090;110120;110060;110060;114040;114090;114020;114040;112380;112400;112300;112310;109780;109780;109730;109750
110070;110070;109980;110010;114050;114190;114010;114160;112320;112400;112300;112310;109750;109760;109700;109710
110020;110160;110020;110120;114150;114270;114150;114260;112320;112320;112200;112230;109700;109740;109670;109740
110150;110180;110110;110150;114270;114270;114160;114210;112220;112240;112040;112060;109730;109750;109680;109690
110150;110190;110150;110180;114190;114290;114170;114270;112070;112080;111970;112020;109690;109690;109630;109650
110200;110240;110120;110140;114270;114280;114220;114240;112030;112040;111990;112010;109650;109650;109580;109590
110160;110210;110150;110200;114230;114320;114210;114310;112020;112050;111990;112010;109600;109610;109550;109570
110200;110280;110200;110200;114300;114330;114250;114260;112030;112050;111980;111990;109570;109640;109560;109590
110200;110250;110180;110220;114250;114310;114230;114240;111990;111990;111860;111920;109580;109660;109550;109660
110210;110220;110190;110190;114260;114360;114240;114360;111910;111970;111900;111940;109660;109740;109650;109710
110190;110230;110190;110190;114360;114360;114270;114280;111920;111960;111880;111900;109690;109750;109690;109740
110190;110270;110190;110240;114290;114490;114290;114490;111910;111910;111850;111900;109750;109760;109680;109700
110260;110270;110230;110260;114480;114490;114440;114470;111900;111950;111890;111950;109710;109850;109710;109830
110260;110280;110210;110210;114480;114530;114380;114390;111940;111940;111850;111890;109820;109850;109700;109740
110220;110300;110220;110220;114400;114480;114390;114410;111900;111950;111880;111910;109740;109750;109690;109720
110230;110270;110210;110270;114410;114420;114270;114330;111900;111940;111890;111930;109720;109730;109700;109730
110280;110280;110260;110260;114330;114380;114280;114290;111940;111960;111910;111930;109720;109830;109710;109830
110260;110270;110240;110250;114290;114290;114210;114210;111920;111930;111900;111930;109830;109840;109800;109820
110250;110320;110240;110300;114210;114220;114140;114190;111930;112010;111910;112000;109820;109840;109790;109790
110300;110320;110250;110310;114210;114220;114110;114120;112000;112000;111920;111930;109780;109830;109760;109800
110320;110350;110320;110330;114120;114200;114080;114090;111930;111940;111880;111900;109800;109860;109790;109820
110320;110320;110280;110290;114080;114130;114020;114080;111890;111900;111820;111850;109810;109850;109800;109850
110290;110300;110250;110280;114070;114160;114050;114150;111830;111850;111710;111710;109850;109860;109790;109800
110290;110290;110220;110240;114140;114150;114050;114060;111710;111770;111680;111720;109810;109830;109780;109820
110240;110240;110190;110190;114070;114160;114070;114100;111720;111800;111700;111790;109820;109900;109810;109860
110190;110230;110140;110200;114100;114150;114040;114150;111790;111830;111750;111820;109860;109910;109860;109880
110200;110220;110150;110170;114150;114220;114140;114190;111820;111820;111760;111780;109880;109900;109750;109750
110170;110170;110150;110170;114170;114210;114120;114190;111770;111780;111740;111760;109760;109780;109710;109710
110180;110200;110160;110200;114170;114200;114150;114180;111750;111750;111640;111660;109700;109750;109680;109730
110180;110200;110160;110190;114190;114260;114150;114260;111660;111660;111530;111580;109720;109850;109700;109810
110180;110180;110140;110150;114270;114280;114030;114070;111570;111640;111570;111640;109800;109810;109790;109800
110150;110150;110100;110110;114080;114160;114070;114160;111630;111640;111600;111620;109780;109810;109780;109780
110100;110120;110090;110100;114160;114160;114030;114060;111630;111670;111620;111670;109770;109870;109770;109870
110100;110100;110050;110070;114040;114080;114000;114070;111670;111710;111640;111650;109860;109890;109840;109870
110070;110080;110060;110080;114070;114130;114050;114100;111650;111670;111600;111610;109870;109970;109870;109960
110080;110110;110080;110110;114100;114100;113990;114030;111610;111620;111570;111590;109950;110030;109940;109980
110160;110190;110150;110180;114040;114060;114000;114000;111580;111650;111550;111620;109980;110090;109970;110070
110190;110200;110160;110180;114000;114100;113980;114090;111640;111640;111550;111560;110080;110120;110040;110060
110200;110270;110200;110230;114080;114110;114030;114070;111560;111710;111540;111700;110070;110090;110040;110060
110270;110280;110240;110260;114060;114150;114060;114120;111690;111770;111660;111760;110060;110100;110020;110030
110260;110270;110220;110230;114120;114190;114120;114180;111770;111810;111730;111800;110030;110040;109960;110000
110230;110240;110230;110240;114190;114270;114190;114240;111810;111810;111750;111760;110000;110040;110000;110020
110250;110300;110240;110280;114220;114230;114180;114230;111760;111780;111720;111730;110020;110040;109980;109980
110290;110300;110280;110300;114210;114320;114200;114300;111720;111720;111520;111530;109980;110100;109980;110050
110310;110360;110310;110340;114300;114320;114280;114290;111530;111630;111530;111620;110070;110100;110010;110010
110360;110370;110310;110330;114290;114300;114220;114250;111610;111640;111570;111640;110010;110030;109920;109930
110320;110350;110310;110310;114250;114350;114220;114340;111650;111680;111620;111680;109930;109940;109830;109830
110320;110330;110300;110310;114350;114360;114260;114270;111670;111700;111630;111670;109840;109910;109830;109870
110320;110340;110300;110340;114280;114340;114280;114300;111670;111750;111660;111740;109860;109870;109820;109860
110340;110350;110320;110330;114310;114310;114240;114280;111740;111770;111720;111770;109860;109910;109840;109860
110320;110320;110290;110290;114270;114290;114270;114270;111770;111780;111720;111740;109870;109940;109870;109900
110290;110310;110290;110290;114270;114330;114260;114310;111730;111730;111650;111650;109890;109900;109830;109870
110300;110360;110290;110330;114310;114360;114300;114330;111650;111730;111620;111700;109870;109920;109840;109850
110350;110360;110350;110350;114320;114400;114320;114340;111710;111720;111610;111640;109860;109890;109810;109830
110350;110370;110310;110320;114350;114470;114340;114450;111640;111790;111620;111750;109830;109920;109830;109890
110330;110330;110310;110330;114440;114460;114390;114420;111750;111790;111710;111760;109900;109930;109780;109830
110330;110330;110250;110290;114410;114480;114410;114420;111770;111780;111690;111740;109840;109910;109840;109890
110300;110300;110260;110290;114430;114490;114400;114440;111750;111860;111740;111810;109890;109930;109760;109840
110300;110310;110300;110300;114450;114540;114450;114480;111810;111810;111670;111700;109850;109910;109760;109780
110310;110320;110300;110310;114470;114520;114420;114420;111690;111790;111690;111730;109780;109890;109780;109860
110300;110300;110270;110280;114420;114510;114420;114460;111730;111760;111570;111630;109870;109910;109870;109900
110280;110290;110260;110260;114470;114500;114450;114470;111630;111760;111570;111750;109890;109890;109780;109790
110270;110310;110260;110300;114460;114490;114450;114480;111760;111830;111720;111810;109790;109900;109780;109880
110310;110340;110300;110340;114480;114530;114470;114490;111800;111830;111760;111800;109890;109910;109870;109910
110340;110340;110290;110300;114490;114520;114380;114390;111800;111850;111780;111800;109900;109920;109840;109840
110300;110330;110280;110330;114420;114440;114360;114400;111820;111850;111790;111790;109850;109930;109850;109920
110330;110370;110320;110360;114420;114460;114390;114400;111790;111810;111720;111780;109920;109950;109870;109940
110370;110380;110340;110340;114390;114440;114390;114390;111770;111850;111760;111840;109950;109960;109890;109910
110350;110400;110350;110390;114410;114490;114410;114490;111850;111850;111690;111760;109920;110020;109920;109970
110390;110420;110370;110390;114490;114580;114460;114470;111760;111810;111750;111790;109970;110170;109960;110160
110400;110400;110360;110370;114470;114480;114410;114430;111790;111810;111690;111690;110150;110250;110140;110220
110370;110370;110340;110360;114430;114460;114400;114410;111710;111720;111630;111670;110220;110230;110140;110150
110360;110370;110330;110340;114410;114450;114370;114390;111670;111710;111650;111700;110160;110180;110130;110160
110360;110370;110320;110360;114390;114430;114380;114420;111710;111710;111620;111630;110150;110170;110090;110100
110360;110360;110330;110330;114420;114450;114380;114380;111640;111680;111550;111570;110090;110150;110070;110130
110330;110330;110310;110330;114380;114390;114320;114330;111570;111570;111430;111460;110130;110180;110120;110130
110330;110370;110290;110290;114330;114380;114320;114360;111460;111470;111370;111440;110110;110140;110080;110130
110280;110310;110260;110300;114360;114440;114340;114430;111440;111440;111330;111340;110140;110310;110120;110280
110300;110350;110290;110350;114430;114520;114430;114510;111350;111350;111150;111170;110280;110350;110280;110310
110340;110350;110330;110340;114510;114610;114510;114590;111160;111160;111020;111030;110290;110310;110250;110280
110350;110360;110330;110340;114590;114610;114540;114590;111030;111130;111030;111130;110290;110300;110200;110200
110350;110370;110340;110360;114600;114630;114570;114590;111130;111200;111100;111190;110210;110290;110200;110280
110360;110440;110360;110440;114600;114620;114570;114570;111190;111210;111080;111150;110280;110330;110240;110240
110430;110490;110430;110440;114580;114630;114560;114560;111160;111170;111090;111130;110250;110360;110240;110250
110440;110460;110430;110450;114570;114590;114490;114490;111130;111220;111070;111220;110250;110290;110160;110180
110440;110470;110400;110410;114480;114490;114410;114440;111210;111220;111090;111210;110190;110200;110120;110140
110410;110420;110380;110380;114440;114450;114350;114350;111200;111220;111100;111160;110160;110160;110100;110110
110380;110400;110360;110360;114350;114400;114320;114350;111160;111170;110930;110970;110110;110200;110100;110120
110370;110370;110340;110370;114340;114410;114320;114390;110980;111010;110900;110950;110120;110140;110060;110130
110370;110370;110340;110340;114400;114420;114350;114410;110970;110990;110840;110880;110140;110210;110140;110170
110330;110360;110300;110310;114420;114440;114330;114340;110880;110900;110730;110740;110170;110330;110170;110300
110310;110330;110300;110320;114340;114360;114280;114320;110740;110750;110580;110700;110300;110310;110210;110220
110330;110330;110250;110260;114320;114340;114300;114330;110700;110750;110590;110600;110220;110240;110170;110190
110250;110280;110250;110270;114330;114380;114320;114360;110610;110710;110580;110610;110190;110220;110160;110170
110280;110330;110270;110320;114350;114370;114260;114270;110610;110670;110510;110610;110160;110200;110100;110100
110320;110340;110310;110330;114270;114380;114260;114350;110610;110640;110390;110440;110110;110140;110060;110110
110340;110360;110320;110350;114350;114360;114320;114330;110440;110600;110440;110600;110120;110160;110100;110140
110350;110370;110350;110360;114320;114330;114270;114300;110590;110600;110310;110330;110150;110190;110120;110170
110370;110460;110370;110440;114310;114360;114270;114340;110320;110550;110270;110530;110170;110250;110170;110210
110440;110460;110440;110450;114330;114330;114260;114280;110530;110550;110430;110540;110220;110300;110210;110210
110450;110490;110450;110460;114290;114290;114250;114260;110530;110670;110520;110660;110200;110220;110130;110140
110450;110480;110450;110480;114270;114330;114270;114300;110660;110720;110620;110660;110140;110140;110050;110090
110490;110510;110480;110510;114300;114320;114270;114320;110650;110710;110570;110700;110090;110160;110080;110160
110500;110520;110500;110520;114320;114350;114240;114260;110690;110740;110630;110700;110160;110180;110090;110130
110510;110510;110480;110480;114270;114270;114210;114250;110710;110760;110680;110700;110130;110130;110090;110090
110480;110490;110440;110490;114240;114260;114220;114250;110690;110720;110600;110670;110090;110200;110090;110170
110460;110460;110450;110450;114240;114240;114190;114230;110670;110760;110630;110750;110180;110200;110150;110200
110450;110480;110450;110480;114200;114240;114190;114230;110740;110770;110700;110750;110200;110240;110150;110230
110480;110490;110460;110490;114230;114280;114220;114270;110740;110790;110670;110750;110220;110240;110190;110200
110490;110490;110440;110450;114280;114410;114270;114340;110750;110880;110730;110860;110210;110220;110170;110210
110460;110500;110460;110500;114340;114360;114230;114230;110850;110860;110800;110800;110210;110260;110210;110230
110500;110500;110460;110490;114230;114290;114220;114220;110800;110890;110780;110820;110240;110310;110210;110300
110490;110490;110460;110480;114220;114220;114120;114160;110820;110820;110750;110800;110300;110380;110290;110320
110480;110500;110430;110430;114160;114160;114050;114060;110800;110830;110700;110830;110320;110360;110310;110340
110440;110440;110350;110390;114050;114060;113950;113990;110830;110960;110820;110930;110330;110420;110320;110390
110400;110400;110320;110370;113990;113990;113810;113830;110930;111060;110930;111010;110390;110440;110390;110400
110330;110470;110320;110390;113830;113880;113810;113840;110990;111050;110940;111000;110400;110510;110390;110510
110410;110440;110400;110430;113840;113860;113800;113810;110990;111010;110950;110950;110510;110540;110490;110530
110420;110480;110390;110480;113810;113810;113720;113790;110970;111060;110950;111000;110510;110540;110450;110480
110470;110500;110440;110490;113780;113820;113720;113730;111000;111080;110960;110980;110490;110510;110430;110430
110490;110520;110410;110410;113720;113740;113660;113710;110970;111120;110960;111090;110430;110470;110410;110410
110430;110430;110390;110390;113700;113750;113600;113630;111090;111230;111090;111190;110420;110440;110340;110360
110410;110460;110410;110410;113640;113750;113610;113730;111210;111270;111150;111230;110360;110370;110300;110310
110410;110420;110380;110420;113730;113800;113720;113760;111230;111270;111150;111180;110310;110390;110270;110360
110410;110430;110400;110420;113760;113800;113680;113770;111200;111320;111170;111320;110360;110380;110220;110240
110400;110440;110400;110430;113770;113880;113770;113840;111320;111420;111290;111390;110250;110260;110180;110200
110430;110490;110400;110420;113830;113910;113810;113900;111400;111430;111300;111340;110200;110220;110180;110200
110430;110440;110300;110420;113890;113900;113760;113780;111320;111400;111310;111370;110220;110250;110120;110230
110510;110600;110500;110570;113710;113930;113600;113870;111410;111570;111410;111460;110040;110060;108920;109770
110560;110610;110560;110590;113860;113960;113820;113950;111470;111490;111330;111360;109780;109820;109210;109690
110600;110600;110530;110540;113950;113970;113920;113950;111360;111380;111280;111340;109700;109800;109670;109800
110500;110500;110470;110480;113950;113970;113860;113890;111320;111320;111250;111270;109810;109860;109730;109730
110470;110470;110430;110440;113880;113890;113810;113820;111260;111290;111230;111240;109720;109830;109720;109800
110440;110460;110440;110460;113820;113890;113800;113890;111250;111310;111240;111300;109800;109830;109750;109800
110460;110460;110430;110430;113880;113880;113820;113860;111290;111450;111280;111430;109790;109830;109770;109780
110460;110460;110400;110430;113850;113860;113820;113860;111450;111560;111430;111500;109770;109820;109700;109800
110420;110440;110380;110380;113870;113870;113800;113860;111510;111620;111450;111620;109810;109890;109760;109820
110380;110410;110350;110360;113840;113870;113720;113770;111620;111680;111550;111630;109830;109860;109790;109840
110360;110360;110350;110350;113750;113770;113640;113680;111640;111690;111600;111680;109830;109840;109770;109790
110360;110430;110350;110400;113680;113710;113620;113690;111680;111780;111660;111700;109780;109850;109770;109850
110430;110450;110390;110390;113690;113750;113670;113720;111700;111740;111610;111630;109850;109860;109790;109800
110440;110450;110420;110420;113710;113760;113700;113750;111620;111640;111550;111570;109810;109850;109810;109810
110380;110380;110380;110380;113740;113820;113740;113790;111570;111600;111490;111490;109800;109840;109800;109840
110440;110460;110390;110390;113800;113820;113740;113810;111490;111500;111340;111340;109830;109850;109750;109750
110440;110460;110420;110420;113810;113920;113810;113890;111360;111360;111280;111340;109750;109750;109680;109690
110420;110420;110410;110410;113880;113950;113870;113930;111330;111340;111270;111290;109700;109720;109650;109670
110400;110400;110380;110380;113950;113950;113900;113940;111290;111310;111250;111280;109660;109710;109650;109660
110360;110380;110350;110380;113950;113990;113920;113930;111270;111270;111150;111170;109680;109720;109650;109700
110380;110390;110380;110390;113930;113960;113910;113930;111170;111250;111130;111230;109700;109710;109640;109660
110370;110420;110370;110420;113940;113980;113920;113980;111230;111290;111220;111270;109660;109660;109600;109600
110380;110380;110340;110340;113960;114000;113900;113970;111250;111300;111220;111300;109600;109630;109570;109580
110320;110350;110320;110350;113990;114050;113980;114000;111290;111340;111260;111310;109580;109580;109470;109530
110350;110460;110320;110350;114010;114010;113910;113910;111310;111330;111210;111220;109530;109550;109440;109460
110310;110310;110300;110310;113910;113930;113770;113810;111210;111240;111150;111150;109450;109460;109290;109460
110340;110340;110340;110340;113810;113870;113800;113830;111140;111180;111030;111040;109450;109530;109410;109460
110310;110310;110300;110300;113830;113930;113820;113930;111040;111090;110850;110900;109450;109470;109360;109420
110300;110300;110270;110270;113940;114010;113930;113980;110900;111020;110860;111020;109420;109490;109400;109440
110280;110280;110270;110280;113970;114010;113950;113950;111010;111070;110960;110970;109440;109450;109380;109450
110280;110280;110260;110260;113950;113950;113860;113880;110970;111040;110930;111010;109450;109510;109410;109510
110280;110280;110260;110280;113870;113950;113850;113940;111010;111030;110970;111000;109490;109510;109410;109440
110290;110310;110290;110310;113930;113940;113920;113930;110990;111020;110950;110950;109430;109500;109430;109480
110310;110310;110290;110290;113940;113990;113930;113970;110960;110970;110900;110930;109490;109550;109480;109540
110280;110340;110280;110310;113990;114040;113960;113990;110920;111000;110830;110860;109540;109550;109480;109520
110320;110330;110300;110330;113990;114080;113990;114070;110860;110950;110840;110910;109530;109550;109470;109500
110290;110300;110290;110300;114070;114090;114030;114050;110920;111080;110910;111060;109490;109540;109470;109500
110320;110320;110300;110300;114040;114060;113990;113990;111070;111120;111030;111070;109520;109550;109500;109550
110340;110340;110330;110340;113990;113990;113960;113960;111070;111150;111050;111100;109540;109550;109530;109550
110330;110350;110330;110350;113970;114000;113950;113990;111100;111190;111090;111180;109540;109550;109520;109530
110330;110330;110330;110330;114000;114020;113960;113970;111180;111190;111150;111180;109540;109550;109480;109480
110330;110330;110330;110330;113970;114020;113970;114010;111200;111210;111160;111200;109480;109540;109450;109520
110300;110320;110300;110320;114010;114010;113910;113930;111190;111280;111160;111270;109510;109550;109510;109510
110280;110280;110280;110280;113930;113960;113880;113900;111270;111300;111250;111280;109500;109510;109470;109480
110330;110330;110280;110280;113910;113930;113880;113900;111280;111300;111250;111270;109490;109520;109400;109450
110280;110280;110240;110240;113890;113890;113850;113850;111270;111300;111240;111260;109460;109490;109380;109480
110240;110240;110220;110240;113860;113900;113850;113880;111260;111290;111210;111280;109490;109520;109460;109510
110250;110260;110230;110260;113880;113970;113880;113970;111270;111280;111240;111260;109500;109550;109500;109510
110240;110240;110230;110230;113970;113970;113890;113900;111260;111280;111210;111220;109510;109540;109500;109520
110230;110240;110220;110240;113900;113910;113870;113870;111230;111240;111200;111200;109520;109550;109510;109530
110240;110240;110230;110230;113880;113940;113860;113930;111200;111210;111040;111080;109540;109550;109520;109540
110220;110230;110180;110220;113940;113950;113890;113900;111080;111140;111070;111130;109540;109550;109510;109520
110230;110240;110220;110220;113890;113960;113870;113880;111120;111120;111050;111050;109530;109540;109490;109500
110230;110260;110230;110250;113880;113920;113830;113830;111060;111090;111030;111090;109510;109520;109460;109480
110260;110260;110240;110250;113840;113860;113730;113750;111090;111160;111080;111150;109480;109480;109420;109440
110260;110260;110170;110170;113740;113820;113710;113810;111150;111370;111110;111350;109440;109450;109400;109400
110200;110220;110170;110190;113810;113850;113790;113830;111360;111430;111320;111420;109400;109400;109320;109350
110220;110220;110180;110180;113830;113850;113790;113830;111420;111430;111330;111330;109350;109390;109270;109320
110200;110220;110200;110220;113840;113870;113810;113810;111330;111390;111290;111330;109330;109350;109280;109320
110190;110190;110180;110180;113820;113830;113780;113800;111310;111320;111280;111300;109310;109320;109250;109290
110180;110200;110180;110200;113800;113810;113730;113750;111290;111350;111290;111330;109290;109310;109230;109250
110200;110200;110170;110180;113760;113790;113730;113770;111340;111370;111290;111290;109240;109350;109240;109320
110200;110200;110170;110170;113750;113800;113740;113740;111290;111290;111180;111230;109340;109380;109320;109350
110180;110210;110180;110210;113740;113740;113650;113660;111210;111300;111200;111300;109350;109350;109300;109330
110230;110230;110180;110180;113660;113660;113560;113620;111300;111400;111290;111360;109340;109380;109330;109370
110180;110180;110180;110180;113610;113680;113570;113670;111360;111370;111260;111260;109360;109450;109350;109450
110190;110190;110140;110140;113680;113820;113660;113810;111260;111280;111160;111160;109450;109500;109450;109490
110140;110160;110120;110120;113800;113830;113750;113790;111160;111160;111080;111110;109490;109510;109440;109470
110140;110150;110120;110120;113780;113790;113630;113690;111100;111130;111080;111130;109480;109520;109470;109500
110140;110140;110110;110130;113700;113740;113690;113720;111130;111200;111110;111150;109490;109550;109470;109510
110150;110150;110120;110130;113720;113780;113690;113770;111140;111150;111100;111110;109510;109570;109490;109520
110130;110150;110130;110140;113790;113790;113700;113720;111110;111110;111050;111080;109530;109530;109480;109510
110140;110150;110130;110150;113700;113720;113680;113710;111090;111180;111070;111160;109500;109510;109470;109490
110160;110200;110160;110180;113710;113720;113640;113640;111160;111160;111110;111110;109470;109490;109450;109480
110200;110200;110190;110200;113640;113650;113600;113620;111110;111110;111040;111080;109490;109520;109480;109510
110200;110200;110180;110180;113610;113640;113530;113560;111080;111090;111020;111030;109500;109550;109470;109480
110180;110180;110170;110170;113570;113610;113530;113590;111020;111110;111020;111100;109490;109490;109450;109490
110180;110180;110150;110150;113600;113650;113590;113620;111090;111110;111030;111060;109490;109530;109490;109530
110150;110160;110150;110160;113610;113630;113500;113610;111050;111050;110960;110980;109520;109530;109500;109520
110140;110140;110140;110140;113610;113640;113610;113620;110970;111010;110950;111010;109530;109570;109530;109540
110130;110140;110100;110100;113620;113670;113580;113640;111010;111020;110950;111000;109540;109580;109510;109570
110130;110130;110100;110100;113640;113660;113620;113660;111000;111000;110950;110960;109570;109580;109530;109560
110100;110100;110100;110100;113660;113720;113650;113710;110960;110980;110950;110970;109560;109560;109520;109530
110090;110090;110020;110040;113720;113730;113650;113660;110950;111020;110910;111010;109530;109530;109500;109500
110060;110080;110050;110080;113650;113700;113640;113670;111000;111060;110960;111010;109500;109510;109490;109490
110060;110160;110060;110120;113650;113720;113650;113700;111000;111100;110990;111060;109490;109500;109460;109500
110150;110150;110100;110150;113690;113770;113690;113770;111060;111060;111000;111030;109490;109490;109450;109460
110110;110130;110060;110060;113750;113770;113700;113730;110990;111090;110980;111090;109470;109470;109410;109450
110060;110090;110060;110090;113700;113710;113570;113570;111090;111110;110990;111000;109440;109440;109380;109380
110110;110110;110080;110080;113600;113720;113600;113680;111000;111060;111000;111060;109380;109410;109380;109400
110080;110080;110070;110070;113680;113700;113620;113620;111050;111110;111030;111060;109400;109400;109320;109360
110110;110110;110080;110080;113640;113670;113620;113670;111060;111070;110990;111030;109360;109430;109360;109420
110120;110130;110120;110130;113660;113660;113600;113640;111050;111080;111010;111070;109410;109470;109410;109450
110170;110180;110130;110170;113640;113640;113560;113600;111070;111070;111020;111030;109440;109470;109420;109420
110170;110170;110140;110140;113590;113650;113560;113580;111030;111030;110980;111000;109430;109440;109410;109430
110180;110190;110140;110170;113580;113590;113440;113440;111010;111040;110970;111040;109420;109460;109410;109450
110160;110160;110140;110160;113440;113480;113410;113420;111030;111050;110980;111040;109460;109520;109450;109500
110170;110180;110170;110180;113410;113420;113310;113350;111050;111050;110970;110970;109500;109500;109470;109480
110150;110150;110130;110130;113350;113360;113280;113360;110960;111020;110910;110920;109480;109510;109480;109500
110130;110140;110110;110140;113350;113390;113330;113350;110920;110940;110860;110870;109480;109480;109430;109480
110140;110190;110120;110160;113350;113420;113350;113410;110870;110910;110850;110890;109480;109480;109420;109420
110170;110220;110170;110180;113410;113450;113400;113420;110890;110950;110850;110940;109420;109440;109400;109440
110190;110200;110190;110190;113420;113450;113400;113440;110930;110980;110880;110960;109450;109500;109440;109490
110200;110250;110200;110240;113430;113430;113330;113360;110960;110970;110880;110900;109500;109560;109500;109540
110210;110250;110190;110250;113370;113430;113300;113420;110890;110900;110800;110820;109550;109550;109480;109510
110250;110250;110250;110250;113420;113470;113380;113400;110810;110820;110760;110780;109510;109510;109460;109490
110240;110240;110240;110240;113400;113400;113340;113400;110770;110780;110700;110700;109500;109500;109430;109460
110250;110280;110240;110270;113400;113400;113320;113350;110700;110730;110640;110710;109460;109460;109430;109460
110250;110290;110250;110250;113330;113400;113330;113360;110700;110790;110700;110780;109450;109480;109430;109480
110280;110280;110280;110280;113380;113380;113330;113340;110770;110790;110740;110770;109490;109530;109480;109510
110270;110290;110270;110290;113350;113420;113320;113370;110760;110760;110690;110750;109510;109550;109490;109550
110270;110300;110270;110270;113370;113370;113330;113340;110750;110800;110720;110790;109560;109560;109480;109500
110260;110260;110250;110250;113330;113360;113290;113360;110790;110900;110790;110890;109520;109560;109510;109530
110250;110280;110230;110230;113350;113400;113340;113400;110890;111000;110890;110970;109530;109640;109530;109580
110240;110240;110240;110240;113410;113450;113400;113410;110970;110980;110910;110950;109580;109630;109550;109600
110270;110290;110260;110260;113410;113430;113390;113430;110940;110950;110820;110850;109620;109780;109620;109750
110300;110320;110300;110300;113440;113510;113440;113500;110850;110850;110720;110760;109730;109740;109650;109650
110300;110320;110270;110270;113500;113550;113490;113510;110740;110760;110690;110740;109660;109670;109600;109600
110300;110350;110300;110350;113510;113540;113470;113490;110740;110750;110690;110750;109600;109660;109600;109660
110350;110350;110310;110310;113500;113510;113470;113480;110740;110740;110650;110670;109650;109660;109620;109620
110310;110350;110310;110330;113480;113490;113430;113460;110660;110670;110610;110630;109620;109650;109570;109590
110340;110340;110340;110340;113460;113500;113450;113500;110630;110720;110610;110680;109580;109640;109560;109590
110340;110340;110340;110340;113500;113580;113500;113540;110690;110700;110550;110570;109590;109600;109520;109530
110350;110350;110330;110350;113540;113590;113540;113550;110570;110610;110520;110540;109520;109550;109490;109540
110350;110350;110350;110350;113550;113560;113510;113520;110550;110590;110510;110540;109540;109560;109490;109530
110350;110350;110330;110330;113520;113520;113460;113460;110530;110730;110520;110720;109530;109530;109390;109460
110340;110340;110320;110320;113460;113460;113390;113460;110710;110740;110640;110640;109470;109480;109440;109460
110330;110350;110320;110330;113460;113500;113440;113470;110650;110690;110640;110670;109440;109450;109400;109400
110360;110360;110360;110360;113480;113480;113390;113420;110670;110680;110620;110650;109400;109410;109380;109400
110360;110360;110350;110350;113430;113450;113410;113430;110660;110700;110620;110680;109390;109440;109360;109440
110330;110330;110330;110330;113430;113430;113340;113350;110670;110680;110610;110640;109440;109480;109430;109430
110360;110360;110360;110360;113370;113390;113350;113370;110630;110700;110630;110660;109450;109490;109430;109460
110360;110370;110340;110340;113360;113400;113350;113400;110650;110660;110500;110510;109450;109480;109410;109420
110370;110370;110370;110370;113410;113430;113390;113430;110510;110630;110480;110590;109430;109480;109420;109460
110370;110400;110360;110400;113430;113440;113330;113370;110610;110700;110580;110670;109470;109510;109470;109510
110370;110370;110370;110370;113360;113400;113350;113380;110670;110670;110500;110540;109500;109500;109400;109410
110390;110390;110390;110390;113400;113430;113390;113390;110540;110550;110500;110520;109400;109460;109400;109460
110390;110390;110390;110390;113410;113500;113410;113480;110520;110560;110470;110530;109450;109460;109420;109420
110370;110390;110370;110390;113490;113490;113440;113470;110520;110540;110480;110500;109420;109430;109400;109410
110390;110410;110390;110400;113480;113500;113460;113470;110500;110510;110330;110390;109410;109420;109380;109390
110370;110370;110370;110370;113480;113500;113470;113470;110380;110430;110310;110420;109390;109430;109370;109430
110370;110370;110370;110370;113480;113500;113460;113460;110410;110460;110340;110350;109420;109460;109410;109450
110350;110350;110350;110350;113470;113480;113380;113390;110350;110370;110300;110350;109430;109470;109430;109440
110360;110370;110330;110340;113400;113450;113390;113450;110350;110350;110230;110250;109460;109470;109440;109440
110340;110340;110330;110330;113440;113470;113430;113450;110240;110310;110210;110230;109430;109440;109420;109420
110330;110330;110330;110330;113440;113450;113410;113410;110220;110300;110200;110290;109430;109450;109430;109440
110360;110370;110360;110360;113410;113410;113360;113390;110290;110480;110290;110470;109440;109450;109440;109440
110370;110390;110360;110380;113400;113410;113330;113340;110460;110530;110430;110440;109430;109440;109410;109430
110380;110380;110370;110370;113350;113370;113310;113370;110440;110510;110400;110510;109420;109420;109360;109390
110360;110370;110350;110370;113370;113410;113370;113380;110500;110530;110490;110490;109390;109420;109380;109420
110370;110370;110370;110370;113360;113390;113340;113370;110490;110500;110410;110490;109430;109480;109430;109470
110350;110350;110340;110340;113380;113380;113320;113340;110490;110510;110440;110480;109480;109480;109450;109450
110350;110350;110350;110350;113340;113440;113320;113410;110460;110560;110450;110540;109450;109450;109420;109440
110330;110330;110330;110330;113410;113420;113340;113350;110550;110590;110540;110570;109430;109440;109400;109440
110350;110360;110340;110350;113350;113390;113350;113370;110570;110580;110530;110540;109430;109430;109400;109430
110340;110340;110310;110330;113360;113380;113350;113360;110550;110550;110330;110350;109430;109440;109390;109410
110320;110320;110310;110310;113350;113410;113350;113370;110360;110390;110330;110340;109420;109420;109390;109400
110310;110320;110290;110300;113380;113420;113370;113420;110330;110370;110260;110310;109410;109420;109370;109380
110320;110320;110290;110290;113430;113490;113420;113470;110300;110340;110250;110280;109390;109450;109360;109420
110300;110310;110290;110290;113480;113550;113480;113530;110280;110350;110270;110320;109420;109420;109350;109370
110320;110320;110310;110310;113530;113550;113510;113550;110320;110360;110280;110320;109360;109420;109360;109410
110320;110320;110290;110290;113550;113550;113470;113480;110320;110430;110310;110430;109400;109400;109380;109390
110290;110290;110290;110290;113480;113490;113450;113450;110410;110440;110360;110440;109400;109430;109380;109390
110300;110300;110270;110270;113460;113490;113460;113480;110420;110480;110420;110460;109380;109380;109340;109360
110280;110300;110280;110280;113470;113490;113460;113470;110460;110480;110380;110390;109350;109390;109340;109380
110290;110290;110260;110290;113470;113500;113470;113480;110380;110410;110350;110390;109380;109380;109330;109330
110290;110290;110260;110290;113470;113480;113460;113470;110360;110370;110300;110300;109330;109390;109330;109390
110260;110260;110260;110260;113470;113510;113470;113490;110300;110310;110230;110260;109390;109390;109370;109380
110260;110260;110260;110260;113500;113540;113490;113540;110250;110300;110240;110300;109380;109390;109370;109370
110250;110250;110230;110240;113530;113540;113490;113490;110300;110390;110300;110340;109370;109400;109370;109390
110270;110280;110240;110240;113500;113520;113470;113510;110330;110370;110300;110340;109400;109400;109350;109360
110280;110280;110060;110210;113510;113510;113480;113490;110330;110340;110270;110290;109360;109370;109330;109330
110230;110250;110220;110250;113490;113500;113440;113450;110300;110360;110300;110310;109330;109330;109270;109280
110260;110260;110230;110230;113440;113470;113420;113450;110310;110320;110220;110280;109290;109290;109230;109250
110230;110240;110210;110210;113450;113480;113440;113460;110300;110410;110280;110320;109260;109330;109230;109310
110270;110270;110220;110220;113450;113510;113450;113490;110310;110310;110260;110310;109300;109320;109280;109300
110250;110250;110240;110240;113490;113510;113480;113510;110330;110360;110300;110310;109300;109310;109220;109240
110270;110270;110270;110270;113510;113510;113440;113450;110300;110300;110150;110230;109240;109270;109220;109270
110280;110280;110240;110240;113450;113450;113430;113430;110230;110290;110190;110280;109260;109290;109260;109270
110240;110260;110210;110260;113430;113450;113410;113420;110260;110310;110240;110260;109260;109270;109210;109250
110260;110270;110240;110250;113420;113440;113340;113390;110240;110260;110220;110250;109250;109270;109230;109270
110220;110250;110060;110240;113380;113380;113310;113360;110250;110260;110200;110220;109270;109270;109250;109270
110240;110260;110240;110240;113370;113370;113310;113370;110220;110250;110150;110250;109270;109270;109230;109270
110240;110300;110240;110300;113360;113360;113320;113340;110240;110320;110240;110300;109270;109280;109230;109240
110300;110300;110290;110300;113350;113350;113330;113340;110300;110320;110240;110250;109240;109310;109240;109310
110300;110320;110260;110300;113340;113340;113260;113280;110250;110270;110150;110180;109300;109310;109270;109280
110310;110310;110280;110310;113290;113290;113260;113280;110170;110220;110150;110220;109270;109280;109260;109260
110310;110310;110280;110280;113280;113300;113250;113300;110220;110270;110210;110260;109250;109310;109250;109290
110290;110300;110290;110300;113300;113310;113290;113300;110260;110330;110250;110250;109290;109320;109290;109310
110290;110330;110290;110310;113300;113330;113290;113300;110250;110280;110230;110260;109310;109390;109310;109370
110310;110320;110280;110280;113300;113320;113260;113270;110260;110360;110240;110340;109380;109420;109370;109390
110310;110310;110310;110310;113280;113390;113250;113370;110340;110430;110310;110420;109390;109460;109350;109410
110270;110290;110260;110290;113380;113420;113370;113400;110400;110440;110380;110410;109400;109420;109390;109390
110300;110310;110300;110300;113400;113410;113300;113310;110410;110430;110400;110430;109390;109400;109360;109370
110270;110290;110240;110250;113300;113340;113270;113280;110410;110470;110370;110460;109360;109370;109330;109350
110230;110240;110200;110230;113280;113350;113270;113350;110470;110480;110430;110440;109350;109360;109290;109300
110200;110280;110200;110210;113350;113360;113230;113230;110430;110430;110360;110380;109300;109310;109250;109270
110260;110260;110250;110250;113230;113290;113210;113290;110380;110410;110360;110380;109270;109270;109240;109260
110280;110280;110240;110240;113290;113320;113260;113310;110380;110400;110340;110350;109260;109280;109170;109190
110240;110260;110240;110260;113320;113330;113280;113310;110370;110370;110320;110340;109190;109230;109120;109180
110220;110240;110180;110180;113300;113310;113280;113300;110340;110360;110320;110340;109180;109180;109130;109170
110170;110210;110160;110180;113310;113320;113280;113290;110350;110380;110260;110300;109160;109220;109160;109220
110220;110220;110190;110190;113280;113290;113250;113260;110290;110300;110270;110300;109200;109250;109160;109230
110230;110240;110230;110230;113270;113290;113240;113280;110300;110360;110290;110290;109200;109210;109150;109160
110240;110260;110210;110210;113280;113280;113230;113230;110280;110370;110260;110360;109180;109220;109120;109120
110210;110210;110210;110210;113230;113250;113170;113190;110340;110450;110340;110430;109130;109190;109120;109180
110210;110210;110210;110210;113200;113220;113130;113140;110440;110450;110350;110360;109190;109200;109140;109160
110230;110230;110230;110230;113140;113190;113130;113190;110370;110390;110280;110290;109170;109190;109120;109150
110230;110230;110230;110230;113190;113230;113170;113190;110290;110310;110280;110280;109150;109180;109090;109110
110210;110210;110190;110190;113190;113230;113100;113110;110270;110300;110260;110300;109110;109130;109040;109090
110240;110260;110200;110200;113100;113140;113050;113080;110300;110350;110280;110290;109090;109200;109090;109190
110200;110220;110150;110210;113070;113120;113050;113120;110290;110320;110290;110300;109190;109210;109150;109170
110200;110240;110200;110220;113110;113130;113080;113090;110300;110440;110290;110440;109150;109180;109130;109180
110240;110300;110240;110280;113100;113150;113080;113150;110430;110430;110380;110410;109170;109170;109120;109120
110250;110260;110200;110210;113140;113260;113120;113240;110420;110460;110420;110440;109120;109140;109110;109110
110240;110300;110240;110300;113250;113300;113200;113260;110430;110460;110420;110440;109110;109120;109070;109120
110300;110310;110300;110310;113270;113270;113200;113240;110430;110440;110380;110390;109100;109110;109060;109100
110320;110360;110290;110290;113240;113290;113210;113240;110390;110400;110370;110400;109090;109120;109060;109120
110340;110340;110340;110340;113240;113390;113220;113370;110400;110420;110340;110350;109120;109140;109060;109080
110330;110330;110330;110330;113370;113390;113340;113370;110360;110390;110350;110350;109070;109100;109060;109060
110320;110320;110320;110320;113370;113420;113350;113380;110360;110370;110340;110350;109070;109070;109010;109010
110340;110420;110340;110410;113380;113400;113340;113340;110350;110370;110290;110290;109010;109050;109000;109030
110400;110400;110400;110400;113340;113380;113340;113370;110290;110310;110250;110270;109020;109060;109000;109010
110410;110410;110390;110390;113380;113410;113370;113380;110250;110260;110140;110200;109010;109010;108850;108880
110400;110420;110380;110380;113390;113410;113380;113380;110200;110220;110130;110140;108880;108910;108830;108840
110380;110380;110340;110340;113380;113380;113270;113280;110140;110210;110140;110200;108840;108930;108830;108920
110370;110380;110370;110380;113310;113340;113250;113250;110190;110220;110160;110190;108920;108920;108870;108890
110360;110360;110350;110350;113250;113300;113240;113270;110200;110220;110180;110220;108890;108920;108820;108890
110340;110340;110330;110330;113270;113290;113200;113220;110210;110220;110180;110190;108900;108910;108870;108870
110350;110360;110340;110340;113230;113270;113100;113130;110190;110220;110180;110220;108880;108930;108860;108920
110350;110390;110350;110350;113130;113220;113080;113180;110200;110250;110190;110230;108920;108960;108910;108940
110370;110370;110340;110340;113170;113200;113120;113170;110230;110250;110210;110210;108950;109000;108900;108960
110330;110330;110320;110320;113170;113200;113120;113130;110220;110300;110220;110270;108950;108980;108900;108970
110320;110350;110320;110350;113130;113180;113090;113110;110270;110270;110210;110230;108960;109010;108940;108990
110350;110350;110310;110310;113120;113190;113060;113190;110220;110220;110170;110180;108990;109000;108940;108940
110340;110350;110310;110310;113190;113280;113180;113260;110170;110190;110130;110150;108950;108970;108910;108940
110340;110340;110310;110310;113260;113310;113260;113280;110150;110180;110110;110170;108950;108970;108840;108850
110300;110310;110300;110310;113280;113290;113230;113250;110170;110170;110120;110150;108850;108900;108830;108860
110310;110310;110310;110310;113250;113320;113230;113320;110140;110220;110130;110210;108870;108910;108840;108840
110350;110380;110320;110320;113320;113400;113320;113370;110200;110230;110160;110170;108840;108870;108800;108850
110350;110360;110350;110360;113370;113380;113340;113350;110180;110290;110180;110290;108850;108870;108750;108770
110340;110400;110340;110400;113340;113380;113340;113380;110280;110330;110220;110220;108780;108800;108730;108760
110390;110400;110290;110340;113360;113400;113350;113350;110230;110240;110180;110200;108760;108870;108760;108850
110250;110300;110240;110300;113340;113360;113340;113350;110200;110210;110100;110110;108860;108880;108840;108860
110260;110260;110240;110240;113360;113360;113340;113350;110120;110130;110080;110080;108850;108870;108840;108860
110250;110250;110250;110250;113350;113440;113350;113410;110090;110100;110050;110050;108860;108880;108830;108830
110260;110260;110220;110220;113400;113420;113400;113400;110060;110090;110010;110010;108830;108850;108790;108820
110260;110270;110240;110270;113420;113420;113400;113400;110020;110120;110020;110100;108820;108860;108790;108860
110280;110280;110280;110280;113410;113420;113400;113410;110100;110140;110090;110100;108840;108860;108790;108800
110270;110270;110240;110240;113420;113430;113410;113420;110100;110120;110090;110120;108800;108820;108760;108800
110260;110320;110250;110300;113420;113430;113400;113420;110120;110120;110070;110120;108790;108850;108780;108820
110330;110370;110330;110350;113410;113450;113410;113440;110100;110220;110100;110220;108820;108860;108820;108860
110350;110350;110330;110330;113440;113440;113420;113420;110210;110220;110130;110130;108860;108890;108860;108880
110350;110450;110350;110400;113420;113450;113410;113440;110130;110170;110110;110160;108870;108900;108860;108870
110410;110470;110380;110470;113430;113460;113430;113450;110150;110170;110100;110120;108860;108880;108840;108870
110430;110640;110430;110540;113460;113470;113440;113460;110130;110250;110100;110230;108870;108900;108850;108890
110510;110530;110360;110500;113460;113460;113440;113440;110230;110260;110200;110250;108880;108930;108880;108920
110490;110500;110470;110500;113460;113460;113430;113430;110260;110280;110230;110250;108920;108950;108890;108930
110460;110460;110460;110460;113420;113440;113420;113440;110240;110250;110210;110220;108920;108960;108900;108920
110460;110460;110350;110350;113420;113430;113420;113420;110220;110230;110190;110190;108910;108930;108900;108910
115740;115740;115110;115210;113440;113440;113370;113390;110200;110280;110180;110280;108900;108940;108900;108920
115220;115230;115050;115080;113380;113380;113270;113290;110280;110300;110230;110240;108920;108940;108910;108920
115080;115150;115030;115070;113300;113300;113260;113290;110230;110280;110200;110220;108930;108940;108920;108920
115070;115110;115020;115080;113290;113290;113280;113280;110230;110230;110180;110220;108920;108930;108890;108900
115080;115180;115050;115110;113280;113390;113280;113380;110220;110240;110200;110220;108910;108910;108850;108900
115100;115180;115060;115070;113380;113390;113350;113360;110210;110250;110150;110170;108890;108890;108800;108820
115090;115130;115060;115120;113370;113380;113360;113360;110160;110200;110150;110180;108830;108850;108800;108840
115120;115130;115060;115110;113370;113500;113370;113490;110190;110270;110190;110260;108850;108880;108810;108820
115100;115190;115080;115120;113480;113520;113430;113440;110250;110370;110250;110340;108820;108840;108750;108770
115120;115190;115110;115190;113450;113460;113440;113450;110360;110360;110280;110280;108780;108840;108770;108830
115170;115190;114930;114950;113450;113480;113450;113470;110280;110350;110280;110330;108840;108890;108840;108890
114960;115000;114880;114990;113480;113500;113470;113490;110340;110340;110270;110270;108870;108870;108830;108870
114990;115000;114900;114940;113490;113490;113470;113470;110300;110400;110290;110390;108880;108890;108840;108860
114940;114950;114860;114950;113470;113470;113440;113440;110380;110410;110330;110330;108840;108870;108840;108870
114950;115020;114900;115000;113460;113480;113450;113460;110350;110410;110330;110410;108880;108900;108870;108890
114990;115050;114950;115050;113480;113480;113440;113440;110400;110530;110380;110480;108890;108980;108890;108960
115050;115080;115000;115060;113450;113450;113430;113440;110490;110540;110480;110510;108970;108980;108930;108950
115050;115050;114990;115020;113450;113450;113430;113450;110500;110510;110430;110440;108950;108970;108930;108960
115020;115080;114990;115050;113450;113480;113450;113460;110460;110460;110410;110440;108970;108970;108910;108930
115050;115080;115000;115010;113480;113490;113470;113490;110460;110490;110410;110450;108920;108950;108910;108920
115000;115080;115000;115050;113500;113510;113470;113500;110460;110460;110380;110410;108910;108940;108900;108940
115050;115110;115050;115090;113500;113520;113490;113510;110430;110430;110360;110400;108940;108960;108930;108940
115100;115180;115090;115140;113500;113500;113450;113450;110400;110460;110400;110410;108940;108960;108900;108960
115140;115160;115110;115110;113470;113510;113470;113490;110400;110420;110350;110350;108970;108970;108900;108940
115130;115150;115090;115110;113480;113530;113390;113500;110350;110350;110280;110310;108940;108970;108920;108940
;;;;;;;;110300;110330;110290;110330;108940;108970;108920;108940
;;;;;;;;110340;110390;110330;110390;108950;108960;108930;108930
;;;;;;;;110360;110400;110310;110320;108940;108960;108930;108960
;;;;;;;;110310;110360;110250;110250;108960;108990;108940;108960
;;;;;;;;110250;110320;110240;110250;108980;109070;108980;109010